slug,name,country,language,gender,locked,mp3_ready,youtube,instagram,facebook,notes,updated_at
aarav-in-birthday-edm-party,Aarav,India,en,boy,true,true,false,false,false,,2026-06-28T19:27:24Z
arjun-in-birthday-edm-party,Arjun,India,en,boy,false,true,false,false,false,,2026-06-28T19:27:24Z
vivaan-in-birthday-edm-party,Vivaan,India,en,boy,false,true,false,false,false,,2026-06-28T19:27:24Z
aditya-in-birthday-edm-party,Aditya,India,en,boy,false,true,false,false,false,,2026-06-28T19:27:24Z
krishna-in-birthday-edm-party,Krishna,India,en,boy,false,true,false,false,false,,2026-06-28T19:27:24Z
rohan-in-birthday-edm-party,Rohan,India,en,boy,false,true,false,false,false,,2026-06-28T19:27:24Z
rahul-in-birthday-edm-party,Rahul,India,en,boy,false,true,false,false,false,,2026-06-28T19:27:24Z
karan-in-birthday-edm-party,Karan,India,en,boy,false,true,false,false,false,,2026-06-28T19:27:24Z
vikram-in-birthday-edm-party,Vikram,India,en,boy,false,true,false,false,false,,2026-06-28T19:27:24Z
aman-in-birthday-edm-party,Aman,India,en,boy,false,true,false,false,false,,2026-06-28T19:27:24Z
priya-in-birthday-edm-party,Priya,India,en,girl,false,true,false,false,false,,2026-06-28T19:27:24Z
ananya-in-birthday-edm-party,Ananya,India,en,girl,false,true,false,false,false,,2026-06-28T19:27:24Z
aanya-in-birthday-edm-party,Aanya,India,en,girl,false,true,false,false,false,,2026-06-28T19:27:24Z
diya-in-birthday-edm-party,Diya,India,en,girl,false,true,false,false,false,,2026-06-28T19:27:24Z
kavya-in-birthday-edm-party,Kavya,India,en,girl,false,true,false,false,false,,2026-06-28T19:27:24Z
neha-in-birthday-edm-party,Neha,India,en,girl,false,true,false,false,false,,2026-06-28T19:27:24Z
pooja-in-birthday-edm-party,Pooja,India,en,girl,false,true,false,false,false,,2026-06-28T19:27:24Z
sneha-in-birthday-edm-party,Sneha,India,en,girl,false,true,false,false,false,,2026-06-28T19:27:24Z
riya-in-birthday-edm-party,Riya,India,en,girl,false,true,false,false,false,,2026-06-28T19:27:24Z
aditi-in-birthday-edm-party,Aditi,India,en,girl,false,true,false,false,false,,2026-06-28T19:27:24Z
liam-us-birthday-edm-party,Liam,United States,en,boy,false,true,false,false,false,,2026-06-28T19:27:24Z
noah-us-birthday-edm-party,Noah,United States,en,boy,false,true,false,false,false,,2026-06-28T19:27:24Z
james-us-birthday-edm-party,James,United States,en,boy,false,true,false,false,false,,2026-06-28T19:27:24Z
william-us-birthday-edm-party,William,United States,en,boy,false,true,false,false,false,,2026-06-28T19:27:24Z
benjamin-us-birthday-edm-party,Benjamin,United States,en,boy,false,true,false,false,false,,2026-06-28T19:27:24Z
lucas-us-birthday-edm-party,Lucas,United States,en,boy,false,true,false,false,false,,2026-06-28T19:27:24Z
henry-us-birthday-edm-party,Henry,United States,en,boy,false,true,false,false,false,,2026-06-28T19:27:24Z
alexander-us-birthday-edm-party,Alexander,United States,en,boy,false,true,false,false,false,,2026-06-28T19:27:24Z
ethan-us-birthday-edm-party,Ethan,United States,en,boy,false,true,false,false,false,,2026-06-28T19:27:24Z
michael-us-birthday-edm-party,Michael,United States,en,boy,false,true,false,false,false,,2026-06-28T19:27:24Z
olivia-us-birthday-edm-party,Olivia,United States,en,girl,false,true,false,false,false,,2026-06-28T19:27:24Z
emma-us-birthday-edm-party,Emma,United States,en,girl,false,true,false,false,false,,2026-06-28T19:27:24Z
charlotte-us-birthday-edm-party,Charlotte,United States,en,girl,false,true,false,false,false,,2026-06-28T19:27:24Z
amelia-us-birthday-edm-party,Amelia,United States,en,girl,false,true,false,false,false,,2026-06-28T19:27:24Z
sophia-us-birthday-edm-party,Sophia,United States,en,girl,false,true,false,false,false,,2026-06-28T19:27:24Z
isabella-us-birthday-edm-party,Isabella,United States,en,girl,false,true,false,false,false,,2026-06-28T19:27:24Z
ava-us-birthday-edm-party,Ava,United States,en,girl,false,true,false,false,false,,2026-06-28T19:27:24Z
mia-us-birthday-edm-party,Mia,United States,en,girl,false,true,false,false,false,,2026-06-28T19:27:24Z
evelyn-us-birthday-edm-party,Evelyn,United States,en,girl,false,true,false,false,false,,2026-06-28T19:27:24Z
harper-us-birthday-edm-party,Harper,United States,en,girl,false,true,false,false,false,,2026-06-28T19:27:24Z
alexander-ru-birthday-edm-party,Alexander,Russia,ru,boy,false,true,false,false,false,,2026-06-28T19:27:24Z
dmitry-ru-birthday-edm-party,Dmitry,Russia,ru,boy,false,true,false,false,false,,2026-06-28T19:27:24Z
ivan-ru-birthday-edm-party,Ivan,Russia,ru,boy,false,true,false,false,false,,2026-06-28T19:27:24Z
maxim-ru-birthday-edm-party,Maxim,Russia,ru,boy,false,true,false,false,false,,2026-06-28T19:27:24Z
mikhail-ru-birthday-edm-party,Mikhail,Russia,ru,boy,false,true,false,false,false,,2026-06-28T19:27:24Z
nikita-ru-birthday-edm-party,Nikita,Russia,ru,boy,false,true,false,false,false,,2026-06-28T19:27:24Z
sergey-ru-birthday-edm-party,Sergey,Russia,ru,boy,false,true,false,false,false,,2026-06-28T19:27:24Z
vladimir-ru-birthday-edm-party,Vladimir,Russia,ru,boy,false,true,false,false,false,,2026-06-28T19:27:24Z
andrey-ru-birthday-edm-party,Andrey,Russia,ru,boy,false,true,false,false,false,,2026-06-28T19:27:24Z
pavel-ru-birthday-edm-party,Pavel,Russia,ru,boy,false,true,false,false,false,,2026-06-28T19:27:24Z
anastasia-ru-birthday-edm-party,Anastasia,Russia,ru,girl,false,true,false,false,false,,2026-06-28T19:27:24Z
maria-ru-birthday-edm-party,Maria,Russia,ru,girl,false,true,false,false,false,,2026-06-28T19:27:24Z
anna-ru-birthday-edm-party,Anna,Russia,ru,girl,false,true,false,false,false,,2026-06-28T19:27:24Z
ekaterina-ru-birthday-edm-party,Ekaterina,Russia,ru,girl,false,true,false,false,false,,2026-06-28T19:27:24Z
sofia-ru-birthday-edm-party,Sofia,Russia,ru,girl,false,true,false,false,false,,2026-06-28T19:27:24Z
daria-ru-birthday-edm-party,Daria,Russia,ru,girl,false,true,false,false,false,,2026-06-28T19:27:24Z
olga-ru-birthday-edm-party,Olga,Russia,ru,girl,false,true,false,false,false,,2026-06-28T19:27:24Z
elena-ru-birthday-edm-party,Elena,Russia,ru,girl,false,true,false,false,false,,2026-06-28T19:27:24Z
polina-ru-birthday-edm-party,Polina,Russia,ru,girl,false,true,false,false,false,,2026-06-28T19:27:24Z
alina-ru-birthday-edm-party,Alina,Russia,ru,girl,false,true,false,false,false,,2026-06-28T19:27:24Z
wei-cn-birthday-edm-party,Wei,China,zh,boy,false,true,false,false,false,,2026-06-28T19:27:24Z
jun-cn-birthday-edm-party,Jun,China,zh,boy,false,true,false,false,false,,2026-06-28T19:27:24Z
hao-cn-birthday-edm-party,Hao,China,zh,boy,false,true,false,false,false,,2026-06-28T19:27:24Z
ming-cn-birthday-edm-party,Ming,China,zh,boy,false,true,false,false,false,,2026-06-28T19:27:24Z
lei-cn-birthday-edm-party,Lei,China,zh,boy,false,true,false,false,false,,2026-06-28T19:27:24Z
jian-cn-birthday-edm-party,Jian,China,zh,boy,false,true,false,false,false,,2026-06-28T19:27:24Z
tao-cn-birthday-edm-party,Tao,China,zh,boy,false,true,false,false,false,,2026-06-28T19:27:24Z
peng-cn-birthday-edm-party,Peng,China,zh,boy,false,true,false,false,false,,2026-06-28T19:27:24Z
bo-cn-birthday-edm-party,Bo,China,zh,boy,false,true,false,false,false,,2026-06-28T19:27:24Z
qiang-cn-birthday-edm-party,Qiang,China,zh,boy,false,true,false,false,false,,2026-06-28T19:27:24Z
li-cn-birthday-edm-party,Li,China,zh,girl,false,true,false,false,false,,2026-06-28T19:27:24Z
jing-cn-birthday-edm-party,Jing,China,zh,girl,false,true,false,false,false,,2026-06-28T19:27:24Z
fang-cn-birthday-edm-party,Fang,China,zh,girl,false,true,false,false,false,,2026-06-28T19:27:24Z
na-cn-birthday-edm-party,Na,China,zh,girl,false,true,false,false,false,,2026-06-28T19:27:24Z
yan-cn-birthday-edm-party,Yan,China,zh,girl,false,true,false,false,false,,2026-06-28T19:27:24Z
xia-cn-birthday-edm-party,Xia,China,zh,girl,false,true,false,false,false,,2026-06-28T19:27:24Z
ling-cn-birthday-edm-party,Ling,China,zh,girl,false,true,false,false,false,,2026-06-28T19:27:24Z
mei-cn-birthday-edm-party,Mei,China,zh,girl,false,true,false,false,false,,2026-06-28T19:27:24Z
yu-cn-birthday-edm-party,Yu,China,zh,girl,false,true,false,false,false,,2026-06-28T19:27:24Z
xiu-cn-birthday-edm-party,Xiu,China,zh,girl,false,true,false,false,false,,2026-06-28T19:27:24Z
